permissionId,description,notes,allowedScopes,categoryLabel
iam.authorization.remove-own,Remove own active authorization (self-service),Users can revoke their own access to organizations without approval. Immediate effect.,Self-only,
iam.authorization.request,Submit authorization request for organizational access,Business/Worker users without existing authorizations can request access to organizations. Citizen users receive automatic Individual scope authorization instead.,Self-only,
iam.authorization.view-own,View own authorization requests and active authorizations,"Users can see their pending requests, approval status, and current active authorizations.",Self-only,
iam.authorization.withdraw,Withdraw own pending authorization request,Users can cancel requests before Lead Admin approval.,Self-only,
iam.citizen-identity.cancel-own-request,Cancel own pending Account Update request (Near Match only),Citizen users only; Account Creation requests cannot be self-cancelled once RequiresResolution (Identity Admin only).,Self-only,
iam.citizen-identity.submit-request,Submit an Account Creation or Account Update identity request,Citizen users only.,Self-only,
iam.citizen-identity.view-own-request,View own pending/historical identity request status,Citizen users only; never exposes candidate match data (see iam-domain.md Near Match Resolution rule).,Self-only,
iam.user.view-own,View own user profile,"Read-only access to own account details (name, email, MiLogin type, contact info).",Self-only,
profpractice.markers.manage,Set or clear any account marker type,"PPR Admin or Credentialing Admin role; requires justification; fully audited. profpractice-sequences.md's 'Manage Account Markers' sequence instead names finer-grained permission ids per marker (account-marker.set-mandatory-hold, account-marker.clear-mandatory-hold, account-marker.set-enhanced-monitoring, account-marker.set-rereview), none of which exist in this catalog — a genuine documented naming discrepancy, left unresolved rather than silently reconciled or split into new permissions.",System-wide,Account Markers
profpractice.markers.view,"View account-level markers (Mandatory Hold, Enhanced Monitoring, Re-Review)",PPR Reviewer can view; visibility by scope,"ISD, District, Entity, System-wide",Account Markers
staffing.admin.manage-collections,Define and manage collection configurations,"Staffing Data Admin role; create collections, set date ranges, entity types. No matching sd:ApiOperation anywhere in staffing-api.yml — a documented gap, not modeled here.",System-wide,Admin
staffing.admin.manage-data-elements,Define and manage data element definitions,"Staffing Data Admin role; create/update data elements, categories, components. No matching sd:ApiOperation anywhere in staffing-api.yml — a documented gap, not modeled here.",System-wide,Admin
staffing.admin.manage-validations,Define and manage business rule validations,"Staffing Data Admin role; assign validations to collections/categories/elements — see staff:TP_ValidationRuleEngine (staffing-technical-design.ttl). No matching sd:ApiOperation anywhere in staffing-api.yml — a documented gap, not modeled here.",System-wide,Admin
staffing.admin.process-exceptions,Approve or deny collection exception requests,Staffing Data Admin role; review and approve deadline extension requests.,System-wide,Admin
staffing.admin.reset-file-processing,Reset or delete files in processing queue,Staffing Data Admin role; troubleshoot stuck file uploads. No matching sd:ApiOperation anywhere in staffing-api.yml — same file-upload API-surface gap as staffing.admin.view-file-queues.,System-wide,Admin
staffing.admin.view-file-queues,View and manage file upload queues,"Staffing Data Admin role; monitor bulk upload processing. No matching sd:ApiOperation anywhere in staffing-api.yml — bulk-upload has no endpoint at all (see staffing.employee-roster.bulk-upload); a documented gap, not modeled here.",System-wide,Admin
proflearning.admin.categories,Manage program categories and subcategories,"Professional Learning Admin. Backs listProgramCategories, createProgramCategory, updateProgramCategory, createSubcategory, deactivateProgramCategory.",System-wide,Admin Functions
proflearning.admin.evaluationtemplates,Manage evaluation templates,"Professional Learning Admin. Backs listEvaluationTemplates, createEvaluationTemplate, updateEvaluationTemplate.",System-wide,Admin Functions
proflearning.admin.questions,Manage evaluation question sets,"Professional Learning Admin. LIKELY-STALE / GAP: proflearning-domain.md's own Scope section explicitly says the Question Set framework is a cross-cutting capability this domain does NOT own, and no API operation in proflearning-api.yml is gated by this permission — evaluation-templates endpoints are gated by the separate proflearning.admin.evaluationtemplates instead, which only lets an admin select existing question-set IDs, not manage question content itself. Left with no PermissionRequirement.",System-wide,Admin Functions
documents.admin.bulk-delete,Soft-delete multiple documents in a single batch operation,Document Admin; retention and legal hold status validated per item before executing.,System-wide,Admin Operations
documents.admin.force-hard-delete,Immediately hard-delete a document outside the normal retention cycle,"System Admin only; requires an approved override request; irreversible; audit logged. No matching endpoint in documents-api.yml — the closest existing endpoint, POST /documents/override-requests/{requestId}/execute, performs a soft delete per its own spec ('Performs soft delete for all documents ... bypassing retention policy checks'), not a hard delete. Documented gap between the permission catalog's description and the API's actual behavior.",System-wide,Admin Operations
documents.admin.override-scan,Mark a quarantined document as a false positive,Security Admin only; requires justification; audit logged. No matching endpoint in documents-api.yml — documented gap.,System-wide,Admin Operations
documents.admin.view-all,View and download any document regardless of attachment context,"Document Admin, Compliance Officer; for audit and compliance investigations. No matching endpoint in documents-api.yml — GET /documents/search and GET /documents/{documentId}/download are both internal-service (called by domain APIs, not gated by this or any Documents-owned permission directly). Documented gap.",System-wide,Admin Operations
documents.admin.view-quarantine,View documents flagged by malware scanner,"Security Admin, Document Admin; regular users receive only a generic upload failure message. No matching endpoint in documents-api.yml — documented gap.",System-wide,Admin Operations
epp.admin.system,Full administrative access to EPP domain,"Super admin - all EPP functions across all providers. A blanket super-permission, not tied to any single operation; epp-api.yml's per-operation x-permissions-required lists never name it directly (e.g. createEppProvider is gated by epp.provider.create), so no sd:PermissionRequirement is modeled for it here — it is presumed to satisfy every other permission's check at the authorization-layer level, which is outside what an individual PermissionRequirement can express.",System-wide,Administration
payments.admin.circuit-breaker-reset,Reset CEPAS circuit breaker after outage,Payment Admin; audit logged. No API operation currently models this permission — payments-api.yml has no circuit-breaker-reset endpoint (circuit breaker recovery is otherwise automatic via the half-open/closed state transition after cooldown). A documented gap.,System-wide,Administration
payments.admin.force-status,Manually override a payment transaction status,System Admin only; emergency use (e.g. CEPAS confirmed payment but a system error prevented the status update); requires justification; audit logged; should trigger notification to Financial Admin and System Admin. No API operation currently models this permission — payments-api.yml has no force-status endpoint. A documented gap.,System-wide,Administration
communications.alerts.create,Create new alert templates,"Define alert content, targeting, triggers.",System-wide,Alert Management
communications.alerts.delete,Archive alert templates,,System-wide,Alert Management
communications.alerts.edit,Edit alert templates,,System-wide,Alert Management
communications.alerts.view,View alerts for functional area,See alert templates and configuration.,System-wide,Alert Management
credentialing.application.delete,"Delete own application if still in ""Submitted"" status",Limited to pre-processing stage,Self-only,Application Management
credentialing.application.approve,Approve applications flagged for review,Assigned-only scope limits visibility to applications assigned to the individual processor — see credentialing-domain.md Open Question #34,"Assigned-only, System-wide",Application Processing
credentialing.application.deny,Deny applications flagged for review,Assigned-only scope limits visibility to applications assigned to the individual processor — see credentialing-domain.md Open Question #34,"Assigned-only, System-wide",Application Processing
credentialing.application.place-hold,Place application on hold pending additional review,"Assigned-only scope limits visibility to applications assigned to the individual processor — see credentialing-domain.md Open Question #34. No API operation exists for this permission yet (credentialing-api.yml has no place-hold/on-hold endpoint, though credentialing-sequences.md's 'Application Manual Review and Approval' sequence calls POST /applications/{id}/on-hold) — left with no PermissionRequirement, an intentional, documented gap.","Assigned-only, System-wide",Application Processing
credentialing.application.view,View credential applications,Scope determines visibility,"ISD, District, Entity, System-wide",Application Review
credentialing.application.submit,"Submit credential applications (new, renewal, endorsement)",All authenticated educators,Self-only,Application Submission
epp.approvals.review,Review and take action on approval applications,Recommend or Deny approval applications.,Entity,Approval Application Review
epp.approvals.view,View approval applications requiring EPP review,See alternative route approval applications.,Entity,Approval Application Review
iam.approval-link.configure,Configure approval link expiration,"Set default expiration timeframe (days). No API operation currently models this configuration permission — iam-api.yml has no approval-link-configuration endpoint; left with no PermissionRequirement, an intentional, documented gap.",System-wide,Approval Links
credentialing.assessment-definition.manage,"Create, edit, or retire assessment definitions",System Admin only; creates versioned changes,System-wide,Assessment Definitions
credentialing.assessment-definition.view,View assessment type definitions and version history,Read-only access to assessment catalog,System-wide,Assessment Definitions
credentialing.assessment-result.import,Upload and import assessment result files from providers,"Admin uploads CSV/XLSX from Pearson, ETS, etc.; system parses and creates AssessmentResult records",System-wide,Assessment Results
credentialing.assessment-result.view,View subject area assessment results for educators,Educators see their own; processors see all,"Self-only, System-wide",Assessment Results
profpractice.clearance.view,View PPR clearance assessment for credential applications,Credentialing staff check clearance before approval,"ISD, District, Entity, System-wide",Assessments
profpractice.eligibility.view,View roster eligibility assessment for employment,District HR checks eligibility before roster addition,"ISD, District, Entity, System-wide",Assessments
staffing.assignment.certify,Certify assignment details collection for entity,Requires all pre-certification tasks complete.,Entity,Assignment
staffing.assignment.create,Assign employee to position,Triggers credential validation.,Entity,Assignment
staffing.assignment.submit-justification,Submit credential error justification,Required when assigning without appropriate credential.,Entity,Assignment
staffing.assignment.update,"Update assignment details (FTE, dates, course info)",Includes adding/removing spots from position.,Entity,Assignment
staffing.assignment.view,View employee assignment details,Required to see assignments for employees in entity.,Entity,Assignment
proflearning.attendance.add,Add attendees to program roster,Entity resolves to session-scoped. Backs addAttendee and bulkUploadAttendees.,Entity,Attendance Management
proflearning.attendance.adjust,Adjust awarded SCECH hours before certification,Entity resolves to session-scoped. Backs adjustScechAward.,Entity,Attendance Management
proflearning.attendance.certify,Certify finalized attendance and award SCECHs,Entity resolves to session-scoped. Backs certifyAttendance.,Entity,Attendance Management
proflearning.attendance.override,Adjust SCECH hours after certification,"Professional Learning Admin only. GAP: no API operation is gated by this permission specifically — post-certification adjustment is instead handled entirely through the SCECHCorrectionRequest workflow (submitCorrectionRequest / approveCorrectionRequest / denyCorrectionRequest), gated by the distinct proflearning.correction.* permissions. This permission appears to describe the same capability the correction-request workflow already provides, under a different name; left with no PermissionRequirement rather than double-gating approveCorrectionRequest under two permission IDs.",System-wide,Attendance Management
proflearning.attendance.view,View attendance roster,"Entity resolves to session-scoped; coordinators for their programs, admins system-wide.",Entity,Attendance Management
credentialing.audit.view,View credential and application audit logs,Scope-aware audit visibility,"ISD, District, Entity, System-wide",Audit
payments.audit.view,View and export payment audit logs with advanced filtering,"System Admin, Compliance Officer; includes search and export. No API operation currently models this permission — payments-api.yml has no audit-log endpoint (audit trail is populated via the PAYMENT_TRANSACTION_EVENTS ledger and consumed by the separate Audit capability via events, not queried back through this API). A documented gap.",System-wide,Audit
profpractice.actions.log,"Document external activities (phone calls, emails, manual reviews)","PPR Reviewer role; creates audit trail for offline actions. Source lists 'Worklist-specific' as an applicable scope — see file header note. profpractice-sequences.md's 'Log Non-System Action' sequence header instead names 'profpractice.disclosure.log-non-system-action', which does not exist in this catalog — a genuine documented naming discrepancy.","Assigned-only, System-wide",Audit
profpractice.audit.view,View disclosure and marker audit logs,Scope-aware audit visibility. No API operation or sequence currently models this permission — profpractice-api.yml has no dedicated audit-log endpoint; a documented gap.,"ISD, District, Entity, System-wide",Audit
reporting.embed-audit.view,View embed token request audit log,System Admin only.,System-wide,Audit
staffing.audit.decertify,De-certify audit report during allowable window,"Allows correction during defined de-certification period ('ISD/RESA Entity' scope). No decertify endpoint exists anywhere in staffing-api.yml, though the aggregate's own De-certified StateDefinition and 'Finalized audit becomes read-only except during defined de-certification window' invariant both assume this capability exists — a documented gap, not modeled here.",ISD,Audit
staffing.audit.finalize,Finalize and certify audit report,Requires attestation and e-signature ('ISD/RESA Entity' scope).,ISD,Audit
staffing.audit.request-documentation,Request additional documentation from district,"Request master schedules, attendance records, etc. ('ISD/RESA Entity' scope).",ISD,Audit
staffing.audit.review-submission,Review district data collection submission,ISD Auditor reviews constituent district submissions ('ISD/RESA Entity' scope).,ISD,Audit
staffing.audit.submit-finding,Create and submit audit finding,"Document placement issues, request additional documentation ('ISD/RESA Entity' scope).",ISD,Audit
staffing.audit.view,View audit items for ISD/RESA or SOM,"ISD Auditor sees constituent districts (scope:ISD, representing the source's 'ISD/RESA Entity' tier); SOM Auditor sees all ISDs (scope:SystemWide).","System-wide, ISD",Audit
documents.audit.export,Export document access log data for compliance reporting,"Not present in documents-permissions.md's permission catalog table — inferred solely from documents-api.yml's exportAuditLogs x-permissions-required. Documented discrepancy, not a fabricated permission: the API clearly expects a distinct export permission separate from documents.audit.view, but the permissions catalog was never updated to define it.",System-wide,Audit & Reporting
documents.audit.view,View and export document access logs and audit trail,"Document Admin, Compliance Officer, Auditor.",System-wide,Audit & Reporting
iam.audit.view,View authorization audit logs,"Scope-aware: Organization admins see their Organization only ('System-wide or Organization' in source, expanded to the org-hierarchy scope set). No API operation currently models this permission — iam-api.yml has no audit-log endpoint; left with no PermissionRequirement, an intentional, documented gap.","ISD, District, Entity, System-wide",Audit Logs
iam.removal-request.review,Review public authorization removal requests,System Admin only; approve/deny external requests.,System-wide,Authorization Removal
iam.authorization.approve,Approve user authorization requests,Must be Lead Admin for Organization; transitive (ISD grants access to constituent districts and buildings).,"ISD, District, Entity",Authorization Requests
iam.authorization.deny,Deny user authorization requests,Must be Lead Admin for Organization; can add denial reason; transitive.,"ISD, District, Entity",Authorization Requests
iam.authorization.grant,Manually grant authorization without approval,"System Admin only; bypasses approval workflow. Critical permission — always evaluated real-time, bypasses the authorization cache (iam-technical-design.md).",System-wide,Authorization Requests
iam.authorization.revoke,Revoke/remove user authorization,"Organization admin for scope or System Admin. Critical permission — always evaluated real-time, bypasses the authorization cache (iam-technical-design.md).","System-wide, ISD, District, Entity",Authorization Requests
iam.authorization.view,View authorization requests,Scope-aware: Organization admins see their Organization only. 'Building' scope in source mapped to scope:Entity — see this file's header note.,"System-wide, ISD, District, Entity",Authorization Requests
epp.enrollment.bulk-upload,Upload bulk candidate tracking file,Batch enrollment updates from institutional systems. Separate from epp.enrollment.edit to allow finer-grained control and audit trail of bulk vs. individual updates.,Entity,Candidate Enrollment Management
epp.enrollment.edit,Update candidate enrollment status and programs,"Modify status, add/remove programs, update details.",Entity,Candidate Enrollment Management
epp.enrollment.view,View candidate enrollment records,Coordinators see their EPP's candidates only.,"Self-only, Entity",Candidate Enrollment Management
epp.enrollment.verify,Accept or reject candidate enrollment,Core EPP coordinator function.,Entity,Candidate Enrollment Verification
reporting.catalog.manage,"Register, edit, or deactivate report definitions in the catalog","System Admin only; does not affect the underlying Power BI report definition. This remains the ONLY permission gating reporting-api.ttl's admin catalog operations (Op_AdminCreateReport et al.) — there is not yet a per-domain equivalent of Communications' create/edit/activate/delete verbs, so a Staffing Administrator cannot today manage Staffing's own report catalog entries independently of a System Admin. See DESIGN-SPIKES.md item 3, which already covers bringing the ReportDefinitionAggregate lifecycle up to Communications' template-lifecycle richness (draft/published status, availability window) — delegating catalog management to per-domain manage permissions belongs in that same design pass, not as a quick rename, since it requires new authorization checks on the admin API operations themselves.",System-wide,Catalog Management
reporting.catalog.view,View the report catalog and browse available reports,All authenticated users; individual reports are further gated by their declared domain permission (each report's PermissionKey).,System-wide,Catalog Management
documents.category.create,Create a new document category,"System Admin, Document Admin.",System-wide,Category Management
documents.category.deprecate,"Mark a category as deprecated; prevents new uploads, existing documents unaffected",System Admin only.,System-wide,Category Management
documents.category.edit,"Modify category configuration (display name, allowable formats, file size limit)","System Admin, Document Admin; retention period and storage tier changes are backend config only.",System-wide,Category Management
documents.category.view,View document category configurations,"Document Admin, Compliance Officer.",System-wide,Category Management
epp.certificatecategory.create,Add certificate type/pathway approval to EPP,Grants authority to offer new program types.,"Entity, System-wide",Certificate Category Management
epp.certificatecategory.delete,Remove certificate category approval,Blocked if active candidate enrollments exist.,"Entity, System-wide",Certificate Category Management
epp.certificatecategory.edit,Modify certificate category approval dates,"Update MDE approval, enrollment close, recommend close dates.","Entity, System-wide",Certificate Category Management
staffing.collection.request-exception,Submit collection exception request,Request extension past legislative deadline.,Entity,Collection
staffing.collection.validate,Trigger quality review validation,Run data quality checks before certification.,Entity,Collection
staffing.collection.view,View collection workflow status and progress,"See pre-certification tasks, quality review results.",Entity,Collection
proflearning.collegecourse.apply,Apply college course for SCECH credit,Educators for their own courses. Backs getEligibleCollegeCourses and applyCollegeCourse.,Self-only,College Course Credit
communications.comments.create-external,Create external comments,"Comments may be shared with citizens/applicants; scoped to the caller's org level, transitive.","ISD, District, Entity",Comment Management
communications.comments.create-internal,Create internal comments,"Comments not visible to external users; scoped to the caller's org level, transitive.","ISD, District, Entity",Comment Management
communications.comments.delete,Delete comments,Soft delete; remains in the audit trail; scoped to the caller's org level.,"ISD, District, Entity",Comment Management
communications.comments.edit,Edit comments (before email send),Cannot edit after the comment has been included in a sent email; scoped to the caller's org level.,"ISD, District, Entity",Comment Management
communications.comments.view-internal,View internal comments on process items,"Internal staff only; scoped to their org level, transitive (Building/District/ISD per source; Building modeled as shared scope:Entity).","ISD, District, Entity",Comment Management
credentialing.definition.compare-versions,Compare different versions of credential/endorsement definitions,For auditing and compliance review,System-wide,Configuration
proflearning.correction.approve,Approve SCECH correction requests,Professional Learning Admin only. Backs approveCorrectionRequest and denyCorrectionRequest.,System-wide,Correction Requests
proflearning.correction.submit,Submit SCECH correction request for certified attendance,Entity resolves to session-scoped; coordinators for their programs. Backs submitCorrectionRequest. Scoped to coordinators only — FDD 27 describes a distinct educator-initiated correction/dispute pathway with no corresponding permission here; see plrn:SCECHCorrectionRequestAggregate's notes and plrn:Question_EducatorInitiatedCorrectionPathway (Open Question #11).,Entity,Correction Requests
proflearning.correction.view,View correction requests,"Entity resolves to sponsor/session-scoped; coordinators see their own requests, admins see all. Backs listCorrectionRequests. No single-resource GET /correction-requests/{id} exists in proflearning-api.yml (see plrn:Op_ListCorrectionRequests's own notes) — the list endpoint plus this permission is the only modeled coverage.",Entity,Correction Requests
epp.applications.recommend,Recommend candidates for credentials,May be separated from general review for dual approval; not required by every institution.,Entity,Credential Application Review
epp.applications.review,Review and take action on credential applications,"Hold, Deny, Cancel actions (and Recommend, unless an institution separates that out — see epp.applications.recommend).",Entity,Credential Application Review
epp.applications.view,View credential applications requiring EPP review,See applications requiring EPP review.,Entity,Credential Application Review
credentialing.credential-definition.manage,"Create, edit, or deprecate credential definitions",System Admin only,System-wide,Credential Definitions
credentialing.credential-definition.view,View credential type definitions and requirements,Read-only access to credential catalogs,System-wide,Credential Definitions
credentialing.credential.issue,"Manually issue a credential record, correcting for an administrative error (e.g. an approved application that failed to generate its credential)",For corrective issuance only — no sequence or API endpoint currently models this permission; draft one if the corrective use case is confirmed as real,"ISD, District, Entity, System-wide",Credential Issuance
credentialing.permit.issue,Issue temporary permits to educators,Scoped by organizational hierarchy,"ISD, District, Entity, System-wide",Credential Issuance
credentialing.credential.print,Print official credential certificates,Educators print their own; admins can print any,"System-wide, Self-only",Credential Management
credentialing.credential.reinstate,Reinstate suspended credentials,System Admin only. No API operation or sequence currently models this permission either — credentialing-api.yml has no reinstate endpoint.,System-wide,Credential Management
credentialing.credential.revoke,Permanently revoke credentials,System Admin only,System-wide,Credential Management
credentialing.credential.suspend,Suspend active credentials,System Admin only,System-wide,Credential Management
credentialing.credential.view,View issued credentials,Educators see their own; admins see by scope,"Self-only, ISD, District, Entity, System-wide",Credential Management
profpractice.disclosure.delete,Remove disclosure from view but retain in audit (soft delete),PPR Admin role only; educator cannot delete own disclosures. No API operation or sequence currently models this permission — profpractice-api.yml has no disclosure-delete endpoint; a documented gap.,System-wide,Disclosure Deletion
profpractice.disclosure.finalize,Mark disclosure as reviewed and lock for editing,Transitions to 'Reviewed-*' status; prevents further edits. Source lists 'Worklist-specific' as an applicable scope — see file header note.,"Assigned-only, System-wide",Disclosure Processing
profpractice.disclosure.revert,Revert finalized disclosure back to 'Under PPR Review',"PPR Admin role only; allows corrections after finalization. No API operation or sequence currently models this permission — profpractice-api.yml has no revert endpoint and no sequence exercises it; a documented gap, not modeled with a PermissionRequirement.",System-wide,Disclosure Processing
profpractice.remarks.add,Add comments to disclosures (internal or external),PPR Reviewer role; remark type determined by API parameter. Source lists 'Worklist-specific' as an applicable scope — see file header note.,"Assigned-only, System-wide",Disclosure Processing
profpractice.status.update,Change disclosure status through workflow,"PPR Reviewer role; enforce valid status transitions. Source lists 'Worklist-specific' as an applicable scope — see file header note. profpractice-sequences.md's 'Review Disclosure and Update Status' sequence header instead names the permission id 'profpractice.disclosure.update-status', which does not exist in this catalog — a genuine documented naming discrepancy between the two source documents, left unresolved rather than silently reconciled.","Assigned-only, System-wide",Disclosure Processing
profpractice.disclosure.edit,Edit disclosure details during active review,"Can modify date, type, description, attachments while status is 'Under PPR Review'. Source lists 'Worklist-specific' as an applicable scope — see file header note.","Assigned-only, System-wide",Disclosure Review
profpractice.disclosure.search,Search and filter disclosures across worklists,PPR Reviewer role; includes advanced filters. Source lists 'Worklist-specific' as an applicable scope — see file header note.,"Assigned-only, System-wide",Disclosure Review
profpractice.notifications.view,View PPR-related notifications for district users,District HR sees alerts for educators they're hiring/employing. No API operation or sequence currently models this permission — profpractice-api.yml has no district-notifications endpoint; a documented gap.,"ISD, District",District Notifications
profpractice.attachments.delete,Remove document from view but retain in audit (soft delete),PPR Reviewer role; requires justification. Same Documents-capability-ownership reasoning as profpractice.attachments.view/.upload — no PermissionRequirement modeled here.,System-wide,Documents
profpractice.attachments.upload,Upload supporting documents to disclosure,"Educators upload to their own disclosures during submission. Not modeled with a PermissionRequirement here for the same reason as profpractice.attachments.view — the upload call (POST /upload) belongs to the Documents capability's own API, not profpractice's.",Self-only,Documents
profpractice.attachments.view,View supporting documents attached to disclosures,"Educators see own; reviewers see assigned disclosures. Source lists 'Worklist-specific' as an applicable scope — see file header note. Not modeled with a PermissionRequirement here: document retrieval for a disclosure is a Documents-capability call (GET /documents?disclosureId=...) shown in profpractice-sequences.md, not one of profpractice's own ApiOperations.","Self-only, Assigned-only, System-wide",Documents
communications.credentialing-emails.resend,Resend historical Credentialing emails with recipient override,Only available during content retention period; requires view-history.,System-wide,Domain-Specific: credentialing
communications.credentialing-emails.view-history,View and search historical sent Credentialing emails,"Includes filtering by recipient, date, status; typically for help desk and admins.",System-wide,Domain-Specific: credentialing
communications.credentialing-templates.activate,Activate Credentialing template versions,Sets a template version as current/active.,System-wide,Domain-Specific: credentialing
communications.credentialing-templates.create,Create new Credentialing email templates,Can create drafts; activation requires a separate permission.,System-wide,Domain-Specific: credentialing
communications.credentialing-templates.delete,Archive Credentialing email templates,Soft delete; templates remain in the audit trail.,System-wide,Domain-Specific: credentialing
communications.credentialing-templates.edit,Edit Credentialing email templates,Creates a new template version; does not auto-activate.,System-wide,Domain-Specific: credentialing
communications.credentialing-templates.view,View Credentialing email templates,Read-only access to template list and versions.,System-wide,Domain-Specific: credentialing
reporting.credentialing-reports.view,View application status and volume reports,"Scope-aware reporting. Migrated from credentialing.reports.view (credentialing-permissions.ttl, formerly cred:Perm_ReportsView) — see this file's header. Not required by any sd:ApiOperation via a static PermissionRequirement; it's consumed dynamically as a Power BI ReportDefinition's declared PermissionKey string (see rpt:PermissionKeyVO), the same as before the rename.","ISD, District, Entity, System-wide",Domain-Specific: credentialing
communications.documents-emails.resend,Resend historical Documents emails with recipient override,Only available during content retention period; requires view-history.,System-wide,Domain-Specific: documents
communications.documents-emails.view-history,View and search historical sent Documents emails,"Includes filtering by recipient, date, status; typically for help desk and admins.",System-wide,Domain-Specific: documents
communications.documents-templates.activate,Activate Documents template versions,Sets a template version as current/active.,System-wide,Domain-Specific: documents
communications.documents-templates.create,Create new Documents email templates,Can create drafts; activation requires a separate permission.,System-wide,Domain-Specific: documents
communications.documents-templates.delete,Archive Documents email templates,Soft delete; templates remain in the audit trail.,System-wide,Domain-Specific: documents
communications.documents-templates.edit,Edit Documents email templates,Creates a new template version; does not auto-activate.,System-wide,Domain-Specific: documents
communications.documents-templates.view,View Documents email templates,Read-only access to template list and versions.,System-wide,Domain-Specific: documents
reporting.documents-reports.view,View document lifecycle and compliance reports,"Migrated from documents.reports.view (documents-permissions.ttl, formerly docs:Perm_ReportsView) — see this file's header. Documents' own permissions file already noted this one had no matching PermissionRequirement (no dedicated reports endpoint in documents-api.ttl); unchanged by the move — still consumed dynamically as a Power BI ReportDefinition PermissionKey, not a static API gate.",System-wide,Domain-Specific: documents
communications.epp-emails.resend,Resend historical EPP emails with recipient override,Only available during content retention period; requires view-history.,System-wide,Domain-Specific: epp
communications.epp-emails.view-history,View and search historical sent EPP emails,"Includes filtering by recipient, date, status; typically for help desk and admins.",System-wide,Domain-Specific: epp
communications.epp-templates.activate,Activate EPP template versions,Sets a template version as current/active.,System-wide,Domain-Specific: epp
communications.epp-templates.create,Create new EPP email templates,Can create drafts; activation requires a separate permission.,System-wide,Domain-Specific: epp
communications.epp-templates.delete,Archive EPP email templates,Soft delete; templates remain in the audit trail.,System-wide,Domain-Specific: epp
communications.epp-templates.edit,Edit EPP email templates,Creates a new template version; does not auto-activate.,System-wide,Domain-Specific: epp
communications.epp-templates.view,View EPP email templates,Read-only access to template list and versions.,System-wide,Domain-Specific: epp
reporting.epp-reports.view,"View EPP-specific reports (enrollment metrics, application statistics)","Migrated from epp.reports.view (epp-permissions.ttl, formerly epp:Perm_ReportsView) — see this file's header. epp-api.ttl has no /reports endpoint; same documented gap as before the move, now living alongside Reporting's other per-domain view permissions instead of in epp-permissions.ttl.","System-wide, Entity",Domain-Specific: epp
communications.iam-emails.resend,Resend historical Identity and Access Management emails with recipient override,Only available during content retention period; requires view-history.,System-wide,Domain-Specific: iam
communications.iam-emails.view-history,View and search historical sent Identity and Access Management emails,"Includes filtering by recipient, date, status; typically for help desk and admins.",System-wide,Domain-Specific: iam
communications.iam-templates.activate,Activate Identity and Access Management template versions,Sets a template version as current/active.,System-wide,Domain-Specific: iam
communications.iam-templates.create,Create new Identity and Access Management email templates,Can create drafts; activation requires a separate permission.,System-wide,Domain-Specific: iam
communications.iam-templates.delete,Archive Identity and Access Management email templates,Soft delete; templates remain in the audit trail.,System-wide,Domain-Specific: iam
communications.iam-templates.edit,Edit Identity and Access Management email templates,Creates a new template version; does not auto-activate.,System-wide,Domain-Specific: iam
communications.iam-templates.view,View Identity and Access Management email templates,Read-only access to template list and versions.,System-wide,Domain-Specific: iam
communications.payments-emails.resend,Resend historical Payments emails with recipient override,Only available during content retention period; requires view-history.,System-wide,Domain-Specific: payments
communications.payments-emails.view-history,View and search historical sent Payments emails,"Includes filtering by recipient, date, status; typically for help desk and admins.",System-wide,Domain-Specific: payments
communications.payments-templates.activate,Activate Payments template versions,Sets a template version as current/active.,System-wide,Domain-Specific: payments
communications.payments-templates.create,Create new Payments email templates,Can create drafts; activation requires a separate permission.,System-wide,Domain-Specific: payments
communications.payments-templates.delete,Archive Payments email templates,Soft delete; templates remain in the audit trail.,System-wide,Domain-Specific: payments
communications.payments-templates.edit,Edit Payments email templates,Creates a new template version; does not auto-activate.,System-wide,Domain-Specific: payments
communications.payments-templates.view,View Payments email templates,Read-only access to template list and versions.,System-wide,Domain-Specific: payments
reporting.payments-reports.view,"View all payment reports (transactions, refunds, reconciliation, revenue, failed payments)","Includes export. Migrated from payments.report.view (payments-permissions.ttl, formerly pay:Perm_ReportView) — see this file's header; found on the second migration sweep (singular 'report', not 'reports'). No API operation currently models this permission — payments-api.yml has no export endpoint; same documented gap as before the move.",System-wide,Domain-Specific: payments
communications.proflearning-emails.resend,Resend historical Professional Learning emails with recipient override,Only available during content retention period; requires view-history.,System-wide,Domain-Specific: proflearning
communications.proflearning-emails.view-history,View and search historical sent Professional Learning emails,"Includes filtering by recipient, date, status; typically for help desk and admins.",System-wide,Domain-Specific: proflearning
communications.proflearning-templates.activate,Activate Professional Learning template versions,Sets a template version as current/active.,System-wide,Domain-Specific: proflearning
communications.proflearning-templates.create,Create new Professional Learning email templates,Can create drafts; activation requires a separate permission.,System-wide,Domain-Specific: proflearning
communications.proflearning-templates.delete,Archive Professional Learning email templates,Soft delete; templates remain in the audit trail.,System-wide,Domain-Specific: proflearning
communications.proflearning-templates.edit,Edit Professional Learning email templates,Creates a new template version; does not auto-activate.,System-wide,Domain-Specific: proflearning
communications.proflearning-templates.view,View Professional Learning email templates,Read-only access to template list and versions.,System-wide,Domain-Specific: proflearning
reporting.proflearning-reports.view,View and export all professional learning reports and analytics,"Migrated from proflearning.report.view (proflearning-permissions.ttl, formerly plrn:Perm_ReportView) — see this file's header; found on the second migration sweep (singular 'report', not 'reports'). proflearning-api.ttl defines no reporting/analytics endpoints; same documented gap as before the move.",System-wide,Domain-Specific: proflearning
communications.profpractice-emails.resend,Resend historical Professional Practice Review emails with recipient override,Only available during content retention period; requires view-history.,System-wide,Domain-Specific: profpractice
communications.profpractice-emails.view-history,View and search historical sent Professional Practice Review emails,"Includes filtering by recipient, date, status; typically for help desk and admins.",System-wide,Domain-Specific: profpractice
communications.profpractice-templates.activate,Activate Professional Practice Review template versions,Sets a template version as current/active.,System-wide,Domain-Specific: profpractice
communications.profpractice-templates.create,Create new Professional Practice Review email templates,Can create drafts; activation requires a separate permission.,System-wide,Domain-Specific: profpractice
communications.profpractice-templates.delete,Archive Professional Practice Review email templates,Soft delete; templates remain in the audit trail.,System-wide,Domain-Specific: profpractice
communications.profpractice-templates.edit,Edit Professional Practice Review email templates,Creates a new template version; does not auto-activate.,System-wide,Domain-Specific: profpractice
communications.profpractice-templates.view,View Professional Practice Review email templates,Read-only access to template list and versions.,System-wide,Domain-Specific: profpractice
communications.staffing-emails.resend,Resend historical Staffing emails with recipient override,Only available during content retention period; requires view-history.,System-wide,Domain-Specific: staffing
communications.staffing-emails.view-history,View and search historical sent Staffing emails,"Includes filtering by recipient, date, status; typically for help desk and admins.",System-wide,Domain-Specific: staffing
communications.staffing-templates.activate,Activate Staffing template versions,Sets a template version as current/active.,System-wide,Domain-Specific: staffing
communications.staffing-templates.create,Create new Staffing email templates,Can create drafts; activation requires a separate permission.,System-wide,Domain-Specific: staffing
communications.staffing-templates.delete,Archive Staffing email templates,Soft delete; templates remain in the audit trail.,System-wide,Domain-Specific: staffing
communications.staffing-templates.edit,Edit Staffing email templates,Creates a new template version; does not auto-activate.,System-wide,Domain-Specific: staffing
communications.staffing-templates.view,View Staffing email templates,Read-only access to template list and versions.,System-wide,Domain-Specific: staffing
reporting.staffing-reports.manage,Define and manage report availability and access for Staffing,"Migrated from staffing.admin.manage-reports (staffing-permissions.ttl, formerly staff:Perm_AdminManageReports) — see this file's header for an important caveat: fdd-review/10-staffing-admin's own review already links this exact story to the existing GLOBAL rpt:Perm_CatalogManage as a 'good match,' which may be too loose since that permission is System-Admin-only and covers every domain's reports, not a Staffing-scoped delegation. No sd:ApiOperation implements per-domain-scoped catalog management yet (only the global reporting.catalog.manage exists) — this permission is a placeholder anchor for that still-missing capability, tracked in DESIGN-SPIKES.md item 3, not a currently-enforced permission.",System-wide,Domain-Specific: staffing
epp.provider.create,Designate EEM organization as EPP,Requires organization to exist in EEM first.,System-wide,EPP Provider Management
epp.provider.delete,Close/deactivate EPP provider,Typically restricted to prevent accidental deletion.,System-wide,EPP Provider Management
epp.provider.edit,Update EPP-specific configuration,"Cannot modify core org data (name, address) - those come from EEM.","Entity, System-wide",EPP Provider Management
epp.provider.view,View EPP provider details and configuration,"Allows viewing EPP master data, program approvals, contacts. 'EPP-specific' scope mapped to scope:Entity — see file header note.","Entity, System-wide",EPP Provider Management
staffing.education-history.update,Add/update education history records,"Citizens can add/remove; districts can add, cannot remove citizen-added. Same API-surface gap as staffing.education-history.view.","Self-only, Entity",Education History
staffing.education-history.view,View education history for employee,"District users see for their employees; citizens see own. No sd:ApiOperation exists for Education History anywhere in staffing-api.yml, despite staffing-domain.md's EducationHistory entity and its own dedicated invariants — a documented gap, not modeled here.","Self-only, Entity",Education History
communications.email.view-details,"View full email details including content, metadata, delivery events",Requires the corresponding functional-area view-history permission.,System-wide,Email History - Details
communications.email.view-all-history,View all historical sent emails across all functional areas,System Admin only; bypasses functional area filtering.,System-wide,Email History - View
communications.email.customize,Customize template content for a one-time send,"Modifies template content for this send only, without altering the base template.",System-wide,Email Sending
communications.email.send-adhoc,Send ad-hoc emails without using templates,System Admin only; bypasses the template framework.,System-wide,Email Sending
communications.email.send-manual,Manually compose and send emails using templates,Typically for help desk staff sending one-off emails on behalf of users.,System-wide,Email Sending
reporting.embed-token.generate,Trigger embed token generation for an eligible report,"Not directly role-assignable; granted implicitly when the user holds the report's declared domain permission (PermissionKey, e.g. reporting.credentialing-reports.view) at an appropriate scope. The Reporting API enforces this — it is a technical/documentation gate on the embed-token endpoint's behavior, not a standalone assignable permission. The real authorization decision ('does this user hold the PermissionKey declared on this specific report?') is delegated to IAM and evaluated per-report; scope.SystemWide here describes this permission's own nominal scope, not the effective scope of the underlying domain permission it delegates to.",System-wide,Embed Token
staffing.employee-roster.add-employee,Add a new employee to a district's employee roster.,"Stub — see staffing-permissions.md (converted separately in this same batch, may not match exactly). Referenced here because iam-api.yml's selfResolveIdentityRequest and escalateIdentityRequest operations gate on this Staffing permission for NewId-type identity resolution requests.","Entity, ISD, District",Employee Roster
staffing.employee-roster.add-employee,Add new employee to roster via online entry,"Stub — see staffing-permissions.md (converted separately in this same batch, may not match exactly). Referenced here because iam-api.yml's selfResolveIdentityRequest and escalateIdentityRequest operations gate on this Staffing permission for NewId-type identity resolution requests.","Entity, ISD, District",Employee Roster
staffing.employee-roster.add-employee,Add a new employee to a district's employee roster.,Triggers Unique ID matching workflow with Mi-Key (via IAM).,"Entity, ISD, District",Employee Roster
staffing.employee-roster.add-employee,Add new employee to roster via online entry,Triggers Unique ID matching workflow with Mi-Key (via IAM).,"Entity, ISD, District",Employee Roster
staffing.employee-roster.bulk-upload,Upload bulk file to update employee data,"Must include valid Unique IDs; cannot create new employees via bulk (confirmed by staffing-domain.md's resolved Open Question #3, citing FDD 15.5). No matching bulk-upload endpoint exists anywhere in staffing-api.yml — left with no PermissionRequirement, an intentional, documented gap; the bulk/file-upload pipeline implied by staffing.admin.view-file-queues / staffing.admin.reset-file-processing is likewise entirely absent from the API surface.",Entity,Employee Roster
staffing.employee-roster.certify,Certify employee roster collection for entity,Requires all pre-certification tasks complete.,Entity,Employee Roster
staffing.employee-roster.update-demographics,Update demographic data on an existing employee roster record.,"Stub — see staffing-permissions.md (converted separately in this same batch, may not match exactly). Referenced here because iam-api.yml's selfResolveIdentityRequest operation gates on this Staffing permission for DemographicUpdate-type identity resolution requests.","Entity, ISD, District",Employee Roster
staffing.employee-roster.update-demographics,Request demographic update via Mi-Key,"Stub — see staffing-permissions.md (converted separately in this same batch, may not match exactly). Referenced here because iam-api.yml's selfResolveIdentityRequest operation gates on this Staffing permission for DemographicUpdate-type identity resolution requests.","Entity, ISD, District",Employee Roster
staffing.employee-roster.update-demographics,Update demographic data on an existing employee roster record.,Triggers Mi-Key update workflow via IAM.,"Entity, ISD, District",Employee Roster
staffing.employee-roster.update-demographics,Request demographic update via Mi-Key,Triggers Mi-Key update workflow via IAM.,"Entity, ISD, District",Employee Roster
staffing.employee-roster.update-employment,"Update employment status, dates, separation reason",Allows termination and status changes.,Entity,Employee Roster
staffing.employee-roster.view,View employee roster for entity,Required to see list of employees for school/district.,Entity,Employee Roster
credentialing.endorsement-definition.manage,"Create, edit, or deactivate endorsement definitions",System Admin only,System-wide,Endorsement Definitions
credentialing.endorsement-definition.view,View endorsement types and requirements,Read-only access to endorsement catalog,System-wide,Endorsement Definitions
credentialing.endorsement.add,Add endorsements to existing certificates,"Self-only (via application); educators submit applications, auto or manual approval",Self-only,Endorsement Management
credentialing.endorsement.nullify,Remove endorsements from certificates,System Admin only,System-wide,Endorsement Management
credentialing.endorsement.view,View endorsements on credentials,Educators see their own; admins see all,"System-wide, Self-only",Endorsement Management
epp.endorsement.create,Add approved endorsement to EPP,Must have approved certificate type first.,"Entity, System-wide",Endorsement Management
epp.endorsement.delete,Remove approved endorsement,Blocked if active candidates pursuing endorsement.,"Entity, System-wide",Endorsement Management
epp.endorsement.edit,Modify endorsement approval dates,"Update MDE approval, enrollment close, recommend close dates.","Entity, System-wide",Endorsement Management
proflearning.evaluation.submit,Submit program evaluation,"Attendees for programs they attended. SIGNIFICANT GAP: neither proflearning-api.yml (no evaluation-submission endpoint) nor proflearning-sequences.md (no 'Attendee Submits Evaluation' sequence, despite the EvaluationTemplate aggregate's own 'Referenced In' list naming one) actually models this capability end-to-end, even though the domain doc's certification workflow (plrn:Rule_EvaluationRequirementProgramSpecific) depends on evaluations being submitted before certification can proceed. Left with no PermissionRequirement — a real, load-bearing gap, not a minor one.",Self-only,Evaluation Management
proflearning.evaluation.view,View submitted evaluations,Entity resolves to program-scoped. GAP: proflearning-api.yml has no endpoint for listing/viewing submitted EvaluationSubmission records at all. Left with no PermissionRequirement.,Entity,Evaluation Management
staffing.evaluation-outcome.appeal,Appeal evaluation outcome,District can appeal within 5-year window; citizen can appeal any (per staff:Rule_EvaluationOutcomeAppealWindow). Same API-surface gap as staffing.evaluation-outcome.view.,"Self-only, Entity",Evaluation Outcome
staffing.evaluation-outcome.approve-appeal,Approve or deny citizen appeal request,District reviews and approves/denies citizen appeals. Same API-surface gap as staffing.evaluation-outcome.view.,Entity,Evaluation Outcome
staffing.evaluation-outcome.submit,Submit evaluation outcome for employee,District submits for instructional staff/administrators. Same API-surface gap as staffing.evaluation-outcome.view.,Entity,Evaluation Outcome
staffing.evaluation-outcome.view,View evaluation outcomes for employee,"District users see for their employees; citizens see own. No sd:ApiOperation exists for Evaluation Outcome anywhere in staffing-api.yml, despite the EvaluationOutcome entity and its own 'Evaluation Outcome Appeal Window' business rule — a documented gap, not modeled here.","Self-only, Entity",Evaluation Outcome
profpractice.nasdtec.access,Access external NASDTEC clearinghouse site for full details,"PPR Reviewer role; opens clearinghouse URL in new tab. No API operation models this permission — it gates an outbound browser navigation, not a MiEdWorkforce endpoint; a documented, expected non-gap.",System-wide,External Integration
profpractice.nasdtec.view,View NASDTEC disciplinary records matched to educators,PPR Reviewer role; includes clearinghouse URL,System-wide,External Integration
profpractice.rapback.view,View Rap Back notification metadata,"PPR Reviewer role; sees notification date, TCN, judicial marker",System-wide,External Integration
profpractice.rapsheet.retrieve,Initiate on-demand rap sheet retrieval via CHRISS SOAP call,"PPR Reviewer role; display-only, never stored. profpractice-sequences.md's 'Retrieve Full Rap Sheet for Review' sequence header instead names 'profpractice.rapback.retrieve-rapsheet', which does not exist in this catalog — a genuine documented naming discrepancy.",System-wide,External Integration
credentialing.guidance.manage,Upload and manage guidance documents,System Admin only,System-wide,Guidance Documents
credentialing.guidance.view,View credential issuance guidance documentation,All authenticated users,System-wide,Guidance Documents
iam.identity-admin.manage-configuration,"Manage identity-specific system configuration: validation rules, data element definitions, training materials, and processing queue monitoring","Identity Administrator role; narrower than the general iam.* system-configuration permissions, which do not cover identity processing specifically. No API operation currently models this permission — iam-api.yml has no identity-configuration endpoint; left with no PermissionRequirement, an intentional, documented gap.",System-wide,Identity Administrator
iam.identity-admin.resolve-request,"Resolve an identity request awaiting administrator review (match, create new, approve/deny link, cancel)",Identity Administrator role only.,System-wide,Identity Administrator
iam.identity-admin.update-person-record,Identity Administrator role only; rare-use path distinct from citizen/business-user self-service demographic updates.,System-wide,Identity Administrator
iam.identity-admin.view-pending-requests,"View identity requests awaiting administrator review, of any origin or type",Identity Administrator role; a distinct role from Staffing Data Admin or System Admin — reviewing and resolving identity requests is not a function of either.,System-wide,Identity Administrator
iam.inactivity.configure,Set auto-deactivation rules,Configure threshold (days) and schedule.,System-wide,Inactivity Policy
iam.inactivity.run,Manually trigger inactivity deactivation job,"System Admin only; for testing/emergency runs. Also gates the nightly/monthly Synapse-triggered admin job endpoints (POST /admin/jobs/expire-requests, POST /admin/jobs/deactivate-inactive-users).",System-wide,Inactivity Policy
documents.legal-hold.apply,Apply legal hold to one or more documents,"Legal Counsel, Compliance Officer; requires justification; audit logged.",System-wide,Legal Hold
documents.legal-hold.release,Release legal hold from document(s),"Legal Counsel, Compliance Officer; requires case closure justification; audit logged.",System-wide,Legal Hold
documents.legal-hold.view,View documents with active legal holds,"Legal Counsel, Compliance Officer, Document Admin. No matching endpoint in documents-api.yml — GET /documents/search is the closest fit but is generic and ungated, not scoped to legal-hold-only results. Documented gap, not a fabricated resolution.",System-wide,Legal Hold
credentialing.application.bypass-validation,Override business rule validations during processing,"System Admin only, fully audited",System-wide,Manual Override
credentialing.application.manual-submit,Manually enter applications on behalf of educators,"For bulk data entry, historical corrections, or single-application submission on behalf of an educator who cannot access the system (application still passes through standard validations — not a bypass)","ISD, District, Entity, System-wide",Manual Override
staffing.new-teacher-monitoring.update,Update new teacher monitoring data,"Assign mentor, link SCECH sessions for DPPD requirement. Same API-surface gap as staffing.new-teacher-monitoring.view — even the NewTeacherMentorAssigned domain event has no corresponding API operation shown creating it.",Entity,New Teacher Monitoring
staffing.new-teacher-monitoring.view,View new teacher monitoring data,"Required to see mentor assignments and SCECH tracking. No sd:ApiOperation exists for New Teacher Monitoring anywhere in staffing-api.yml, despite staffing-domain.md's dedicated NewTeacherMonitoring entity, ERD table, and staff:Rule_NewTeacherMonitoringRequirement business rule — a documented gap, not modeled here.",Entity,New Teacher Monitoring
organizations.hierarchy.view,Retrieve the materialized ancestor chain for an organization (internal — IAM only),"Source-document inconsistency, not a fabrication: organizations-permissions.md's main permissions table omits this permission entirely, yet its own 'Note on Internal Service Permissions' names it explicitly ('organizations.hierarchy.view and organizations.lead-admin.view are marked as internal service permissions... enforced at the Istio authorization policy layer... User-facing roles do not include these permissions'), and organizations-api.yml's getOrganizationHierarchy operation requires it by name. Modeled here because it is genuinely named in the source (unlike organizations.organization.search — see organizations-api.ttl's note on Op_SearchOrganizations, which is NOT modeled as a Permission for exactly that reason).",System-wide,Organizations
organizations.lead-admin.view,Retrieve Lead Administrator contact for an organization,Internal service permission; consumed by IAM for authorization approval routing. Lead Admin email not exposed to non-admin users directly — enforced at the Istio authorization policy layer (only IAM's service account principal may call the endpoint) in addition to this IAM permission check.,System-wide,Organizations
organizations.org-types.view,List active organization types,Granted to all authenticated users; used to populate type filter dropdowns.,System-wide,Organizations
organizations.organization.view,"View organization details, grade band, and Lead Administrator",Granted to all authenticated users; required to use org search and detail endpoints.,System-wide,Organizations
organizations.sync-log.view,View sync execution history and status,System Admin / Platform Operations only.,System-wide,Organizations
organizations.sync.trigger,Manually trigger an organization sync run,System Admin only; reserved for emergency re-seeding or post-failure recovery. Normal sync is pipeline-driven.,System-wide,Organizations
profpractice.response.submit,Submit annual Professional Practice Review response,All authenticated educators; required annually,Self-only,PPR Response
profpractice.response.view,View PPR response history,Educators see own; admins see all,"System-wide, Self-only",PPR Response
payments.transaction.initiate,Initiate payment for a credential application,Implicit baseline — any authenticated user can pay fees for their own applications. Payments does not independently verify application ownership; the calling domain or UI is responsible for that check before invoking payment flows.,Self-only,Payment Initiation
payments.transaction.initiate-bulk,Initiate bulk payment for multiple applications within scope,District staff paying fees for multiple applications in their organization. ISD grant is transitive to constituent districts/buildings; District grant is transitive to constituent buildings. System validates all selected applications are in scope before initiation; if any is out of scope the entire bulk request is rejected.,"System-wide, ISD, District",Payment Initiation
payments.transaction.retry,Retry a failed payment transaction,"Implicit baseline — user can re-initiate after failure; each retry creates a new transaction. No dedicated retry endpoint exists: retry simply calls POST /payments/initiate again (pay:Op_InitiatePayment), which is gated by payments.transaction.initiate, not this permission — so this permission is never actually enforced by any modeled PermissionRequirement. A documented gap, not fabricated.","System-wide, Self-only",Payment Retry
payments.transaction.view,View payment transactions within organizational scope,System-wide grants full visibility across all transactions.,"System-wide, ISD, District, Self-only",Payment Viewing
iam.permission.view,View permission catalog,"See all defined permissions. Also used to gate internal-service permission-evaluation endpoints (POST /permissions/check, GET /permissions/effective, GET /organizations/{code}/hierarchy) per iam-api.yml.",System-wide,Permissions
staffing.position-roster.certify,Certify position roster collection for entity,Requires all pre-certification tasks complete.,Entity,Position Roster
staffing.position-roster.create,Create new position in roster,Only allowed during working window or open collection.,Entity,Position Roster
staffing.position-roster.delete,Delete position during working window,"Only allowed before position is established/certified. (The underlying operation, cancelPosition, sets status to Cancelled rather than physically deleting — see staffing-api.ttl.)",Entity,Position Roster
staffing.position-roster.update,"Update position details, status, approved FTE","Includes status changes (Filled, Frozen, Cancelled, etc.).",Entity,Position Roster
staffing.position-roster.view,View position roster and organizational chart,Required to see positions for school/district.,Entity,Position Roster
communications.predefined-comments.manage,Create/edit predefined comments,System Admin or Functional Area Lead.,System-wide,Predefined Comments
communications.predefined-comments.view,View predefined comment library,,System-wide,Predefined Comments
epp.proprepconfig.manage,Configure Pro Prep catalog visibility,"Toggle program visibility, manage page content.","Entity, System-wide",Pro Prep Management
proflearning.program.approve,Approve program applications,"Professional Learning Admin only. Backs approve, reject, and request-info — matches proflearning-api.yml exactly.",System-wide,Program Management
proflearning.program.create,Submit new program applications,Entity resolves to sponsor-scoped. Coordinators for their sponsor.,Entity,Program Management
proflearning.program.edit,Edit program details (triggers re-approval if approved),"Entity resolves to program-scoped. PARTIAL GAP: for the sponsor-initiated path this is effectively covered by POST /program-applications with applicationType=Modify (plrn:Op_SubmitProgramApplication, gated by proflearning.program.create, not this permission) — proflearning-api.yml has no distinct 'edit program' endpoint gated by proflearning.program.edit itself. The domain doc's own 'Modified Programs Require Re-Approval' business rule (plrn:Rule_ModifiedProgramsRequireReapproval) also describes a second path — Professional Learning Admin editing an approved program directly, with no re-approval — that has no API operation at all. Left with no PermissionRequirement; the permission ID doesn't map cleanly to modeled operations either way.",Entity,Program Management
proflearning.program.view,View program application details,"Entity resolves to program-scoped; coordinators, admins, or public for active programs. Backs listProgramApplications, getProgramApplication, listPrograms, and getProgram (internal-user access pattern) — matches proflearning-api.yml's x-permissions-required exactly.",Entity,Program Management
proflearning.program.withdraw,Withdraw or delete programs,"Entity resolves to program-scoped. Coordinators for their programs, admins system-wide.",Entity,Program Management
proflearning.catalog.bookmark,Bookmark programs/sponsors,"Requires login (System-wide (authenticated) per the source). Backs listBookmarks, createBookmark, deleteBookmark.",System-wide,Public Access
proflearning.catalog.search,Search public professional learning catalog,Unauthenticated; no login required. Consistent with searchCatalog's x-permissions-required: [] in proflearning-api.yml and plrn:Op_SearchCatalog's sd:requiresAuth false — no PermissionRequirement is modeled for that operation since ApiOperationRequiresPermissionShape only applies to non-public operations and searchCatalog is genuinely external-public with zero permission gating.,System-wide,Public Access
profpractice.questions.manage,"Create, edit, or activate PPR question configurations","System Admin only; creates versioned changes. No API operation currently models this permission — profpractice-api.yml only exposes GET endpoints for question configuration (getDisclosureQuestions, getPprQuestions), no create/update/activate endpoint; a documented gap.",System-wide,Question Configuration
profpractice.questions.view,View PPR question configurations and branching logic,Read-only access to form definitions,System-wide,Question Configuration
payments.reconciliation.discrepancy-resolve,Manually resolve reconciliation discrepancies,Payment Admin; requires resolution notes; audit logged.,System-wide,Reconciliation
payments.reconciliation.discrepancy-view,View unresolved reconciliation discrepancies,Payment Admin.,System-wide,Reconciliation
payments.reconciliation.export,Export reconciliation data for financial audit,"Payment Admin, Financial Admin. No API operation currently models this permission — payments-api.yml has no export endpoint. A documented gap.",System-wide,Reconciliation
payments.reconciliation.run,Manually trigger reconciliation batch job,Payment Admin; audit logged. No API operation currently models this permission — the reconciliation job (pay:BatchJob_PostingFileReconciliation) runs on a schedule only; payments-api.yml exposes no manual-trigger endpoint. A documented gap.,System-wide,Reconciliation
payments.reconciliation.view,View reconciliation batch results and daily posting file processing,Payment Admin. No API operation currently models this permission — payments-api.yml defines a ReconciliationBatchSummary schema but no endpoint that returns it. A documented gap.,System-wide,Reconciliation
payments.refund.approve,Approve or reject refund requests,"Financial Admin; dual approval required for amounts >$500 (Credential Admin initiates via payments.refund.request, Financial Admin authorizes via this permission); audit logged. Threshold is configurable, default $500.",System-wide,Refunds
payments.refund.request,Submit a refund request for a paid transaction,Credential Admin; requires justification; audit logged.,System-wide,Refunds
payments.refund.request-bulk,Submit refund requests for multiple transactions at once,Credential Admin; audit logged. Each refund is processed independently — partial success is possible; threshold calculation uses the total amount across all refunds in the batch.,System-wide,Refunds
payments.refund.view,View refund requests and history,"Credential Admin, Financial Admin. No API operation currently models this permission — payments-api.yml has no general refund list/history endpoint (GET /refunds/pending-approval exists but is gated by payments.refund.approve, not this permission). A documented gap.",System-wide,Refunds
communications.template-analytics.view,View template usage analytics,"Send counts, frequency, trigger analysis. Renamed from communications.reports.view (2026-09-04): that name collided with the unrelated 'reports' concept Reporting's own {domain}.reports.view permission pattern uses for Power BI report access — this permission is about template send-analytics within Communications, not a Power BI report. Not currently required by any sd:ApiOperation (no PermissionRequirement references it) — cataloged ahead of an implementing endpoint, same pattern as iam:Perm_UserImpersonate; see PO-FEEDBACK.md FDD 06 for the broader permission-naming review this came out of.",System-wide,Reporting
profpractice.report.view,"View and export all PPR reports, metrics, and analytics","Scope-aware; includes export. profpractice-sequences.md's 'Generate PPR Compliance Report' sequence header instead names 'profpractice.reports.disclosure-metrics.view' or 'profpractice.reports.compliance.view', neither of which exists in this catalog — a genuine documented naming discrepancy.","ISD, District, Entity, System-wide",Reporting
iam.reports.view,View User Management Report,"System Admin only. Also gates GET /reports/new-users, GET /reports/denied-requests, GET /reports/inactivity, and POST /admin/jobs/generate-reports.",System-wide,Reports
documents.retention-override.approve,Approve a retention override request,"Business Owner, Compliance Officer; dual approval required for high-value documents; audit logged.",System-wide,Retention Override
documents.retention-override.request,Request early deletion before retention expiry,Document Admin; requires business justification; audit logged.,System-wide,Retention Override
iam.role.view,View role definitions,"See role names, descriptions, assigned permissions.",System-wide,Roles
profpractice.disclosure.submit,Submit self-disclosure of criminal conviction or disciplinary action,All authenticated educators,Self-only,Self-Disclosure
profpractice.disclosure.view,View disclosure history and status,Educators see own; reviewers see assigned/all. Source lists 'Worklist-specific' as a third applicable scope — see file header note on the Worklist-specific scope-vocabulary gap; scope:AssignedOnly is the closest existing proxy.,"Assigned-only, System-wide, Self-only",Self-Disclosure
proflearning.session.create,Add program sessions (dates/locations),"Entity resolves to program-scoped. GAP: proflearning-api.yml has no distinct session-creation endpoint — sessions are created inline as part of ProgramDetails.sessions within POST /program-applications (submitProgramApplication, gated by proflearning.program.create). Left with no PermissionRequirement of its own.",Entity,Session Management
proflearning.session.edit,Edit session dates and locations,Entity resolves to session-scoped. GAP: no session-edit endpoint exists anywhere in proflearning-api.yml. Left with no PermissionRequirement.,Entity,Session Management
proflearning.sponsor.approve,Approve new sponsor applications,"Professional Learning Admin only. GENUINE GAP, already flagged in proflearning-domain.ttl's own aggregate design note and plrn:Question_SponsorApprovalWorkflowContradiction (Open Question #9): the ProfessionalLearningSponsor aggregate says sponsor creation is EEM-only with no PendingApproval state inside MiEdWorkforce, yet this permission — and FDD 26's described new-Sponsor application / Lead-Administrator e-signature workflow — presumes such a workflow exists. No SponsorApplication aggregate or API operation is modeled for it (proflearning-api.yml has no sponsor-application endpoints at all); left with no PermissionRequirement as an honest, documented gap rather than fabricating the missing workflow.",System-wide,Sponsor Management
proflearning.sponsor.delete,Delete sponsor applications or approved sponsors,"Professional Learning Admin only. No DELETE/deactivate sponsor endpoint exists in proflearning-api.yml at all — same class of gap as sponsor.approve above, compounded by the aggregate's own Design Note that sponsor lifecycle (creation, presumably deletion) belongs to EEM, not MiEdWorkforce. Left with no PermissionRequirement.",System-wide,Sponsor Management
proflearning.sponsor.edit,Edit sponsor contact information and metadata,"Coordinators for their sponsor, admins system-wide. No distinct 'update sponsor' API operation exists in proflearning-api.yml (only GET /sponsors/{sponsorId}) — the proflearning-domain.md aggregate description says MiEdWorkforce 'edits contact info' but no corresponding endpoint was found; an honest gap, left with no PermissionRequirement.",Entity,Sponsor Management
proflearning.sponsor.view,View sponsor details and program list,Entity resolves to a specific sponsor. Coordinators have this for their own sponsor.,Entity,Sponsor Management
communications.template-variables.view,View template variable definitions,See available variables and their data sources.,System-wide,Template Variables
iam.user.edit,Edit user account details,"System Admin only; modify contact info, flags",System-wide,User Accounts
iam.user.impersonate,View system as another user (read-only),"Documented discrepancy: this permission is cataloged here (iam-permissions.md), but iam-technical-design.md's 'Omission of User Impersonation' section states impersonation was designed, evaluated, and deliberately EXCLUDED from the initial implementation — diagnostic value is instead achieved via admin views of records/history/audit logs and screenshare tooling. Not resolved here; left as a documented catalog/implementation mismatch for the cross-domain reconciliation pass. No API operation implements it (iam-api.yml has no impersonation endpoint).",System-wide,User Accounts
iam.user.view,View user account details and list,Read-only access to user directory,System-wide,User Accounts
profpractice.worklist.assign,Add or remove reviewers from worklists,"PPR Admin role only. No dedicated API operation models this permission separately — profpractice-api.yml's PUT /worklists/{worklistId} (assignedReviewerIds field of WorklistCreate schema) is the closest match but is gated by profpractice.worklist.configure, not this permission; a documented gap between the permissions catalog's granularity and the API's actual gating.",System-wide,Worklist Management
profpractice.worklist.configure,"Create, edit, or pause PPR worklists and routing rules",PPR Admin role only,System-wide,Worklist Management
profpractice.worklist.view,View assigned PPR worklists and queued disclosures,PPR Reviewer assigned to specific worklists. Source lists this scope as 'Worklist-specific' — see file header note; scope:AssignedOnly is the closest existing proxy.,Assigned-only,Worklist Management